asset_id,rule_id,algorithm,primitive,key_size,mode,usage,confidence,provenance,quantum_status,quantum_vuln_class,hndl_risk,tnfl_risk,risk_score,risk_band,mosca_at_risk,recommendation,file_path,line_number
daf0e5c5-0f32-4f12-b497-b697d0028bed,ECDAT-SRC-RSA-GEN,RSA,RSA,,,Encryption/Decryption,LOW,OBSERVED,Vulnerable,SHOR_BROKEN,True,False,87.8,Critical,True,ML-KEM-768 + AES-256 envelope encryption,C:\Users\ghi26\Downloads\SIH26164\test_corpus\java\CryptoSample.java,11
e31a8404-b3f1-42d7-ba4c-3880c1997c67,ECDAT-SRC-RSA-GEN,RSA,RSA,,,Encryption/Decryption,LOW,OBSERVED,Vulnerable,SHOR_BROKEN,True,False,87.8,Critical,True,ML-KEM-768 + AES-256 envelope encryption,C:\Users\ghi26\Downloads\SIH26164\test_corpus\java\CryptoSample.java,12
5ee3b743-8a85-4e3c-9ff5-4c971b5a3dd9,ECDAT-SRC-RSA-GEN,RSA,RSA,,,Encryption/Decryption,LOW,OBSERVED,Vulnerable,SHOR_BROKEN,True,False,87.8,Critical,True,ML-KEM-768 + AES-256 envelope encryption,C:\Users\ghi26\Downloads\SIH26164\test_corpus\java\CryptoSample.java,13
88a8d20c-0b9e-45bd-abed-8c0c7556806f,ECDAT-SRC-JAVA-DSA-001,DSA,DSA,,,Signature,HIGH,OBSERVED,Vulnerable,SHOR_BROKEN,False,True,87.8,Critical,True,ML-DSA-65,C:\Users\ghi26\Downloads\SIH26164\test_corpus\java\CryptoSample.java,20
f03d8010-b596-4c32-8c70-4d311c978f1a,ECDAT-SRC-JAVA-AES-001,AES,AES,,GCM,Encryption/Decryption,HIGH,OBSERVED,Weakened,GROVER_WEAKENED,False,False,84.2,Critical,True,AES-256-GCM,C:\Users\ghi26\Downloads\SIH26164\test_corpus\java\CryptoSample.java,28
3c52ffbb-c4d6-49b2-adbc-837846460dc0,ECDAT-SRC-JAVA-SHA1-001,SHA-1,SHA-1,,,Hash/MAC,HIGH,OBSERVED,Legacy-broken,CLASSICALLY_BROKEN,False,False,77.2,Critical,False,SHA-256 / SHA-384 / SHA-3,C:\Users\ghi26\Downloads\SIH26164\test_corpus\java\CryptoSample.java,35
a04d3f27-b2b2-4bdd-a4f8-2d3facef1f03,ECDAT-SRC-JAVA-DES-001,DES,DES,56,,Encryption/Decryption,HIGH,OBSERVED,Legacy-broken,CLASSICALLY_BROKEN,False,False,77.2,Critical,False,AES-256-GCM or ChaCha20-Poly1305,C:\Users\ghi26\Downloads\SIH26164\test_corpus\java\CryptoSample.java,40
25ed6e4f-1286-4f95-bfc1-0fd64dd32ab9,ECDAT-SRC-RSA-001,RSA,RSA,2048,,Encryption/Decryption,HIGH,OBSERVED,Vulnerable,SHOR_BROKEN,True,False,94.0,Critical,True,ML-KEM-768 + AES-256 envelope encryption,C:\Users\ghi26\Downloads\SIH26164\test_corpus\python\crypto_sample.py,17
76c2902b-653b-49a3-a6be-dd03a9183655,ECDAT-SRC-AES-001,AES,AES,,CBC,Encryption/Decryption,HIGH,OBSERVED,Weakened,GROVER_WEAKENED,False,False,84.2,Critical,True,AES-256-GCM,C:\Users\ghi26\Downloads\SIH26164\test_corpus\python\crypto_sample.py,29
b5725a2c-81d7-4341-b306-34be9c526bbe,ECDAT-SRC-SHA256-001,SHA-256,SHA-256,,,Hash/MAC,HIGH,OBSERVED,Safe,QUANTUM_SAFE,False,False,52.8,Medium,False,Maintain current quantum-safe configuration.,C:\Users\ghi26\Downloads\SIH26164\test_corpus\python\crypto_sample.py,35
23138b60-edb3-4089-84fa-d25459220478,ECDAT-SRC-SHA1-001,SHA-1,SHA-1,,,Hash/MAC,HIGH,OBSERVED,Legacy-broken,CLASSICALLY_BROKEN,False,False,77.2,Critical,False,SHA-256 / SHA-384 / SHA-3,C:\Users\ghi26\Downloads\SIH26164\test_corpus\python\crypto_sample.py,40
cb95eb8f-c094-454b-a6b8-8a4982476bdc,ECDAT-SRC-MD5-001,MD5,MD5,,,Hash/MAC,HIGH,OBSERVED,Legacy-broken,CLASSICALLY_BROKEN,False,False,77.2,Critical,False,SHA-256 / SHA-384 / SHA-3,C:\Users\ghi26\Downloads\SIH26164\test_corpus\python\crypto_sample.py,45
0d57701a-804e-4069-b006-080a50959aec,ECDAT-SRC-RSA-GEN,RSA,RSA,,,Encryption/Decryption,LOW,OBSERVED,Vulnerable,SHOR_BROKEN,True,False,87.8,Critical,True,ML-KEM-768 + AES-256 envelope encryption,C:\Users\ghi26\Downloads\SIH26164\test_corpus\python\crypto_sample.py,4
8d2b70ee-21bf-4262-8ab4-275a309a9f37,ECDAT-SRC-ECDSA-GEN,ECDSA,ECDSA,,,Signature,MEDIUM,OBSERVED,Vulnerable,SHOR_BROKEN,False,True,87.8,Critical,True,ML-DSA-65,C:\Users\ghi26\Downloads\SIH26164\test_corpus\python\crypto_sample.py,4
1d6ac218-c642-4a0d-b20d-210c98e300d8,ECDAT-SRC-RSA-GEN,RSA,RSA,,,Encryption/Decryption,LOW,OBSERVED,Vulnerable,SHOR_BROKEN,True,False,87.8,Critical,True,ML-KEM-768 + AES-256 envelope encryption,C:\Users\ghi26\Downloads\SIH26164\test_corpus\python\crypto_sample.py,8
733fa722-2ea4-4f9f-935c-cea57b681d25,ECDAT-SRC-RSA-GEN,RSA,RSA,,,Encryption/Decryption,LOW,OBSERVED,Vulnerable,SHOR_BROKEN,True,False,87.8,Critical,True,ML-KEM-768 + AES-256 envelope encryption,C:\Users\ghi26\Downloads\SIH26164\test_corpus\python\crypto_sample.py,15
4e44ede9-a4cc-48cf-923e-1417bd76db00,ECDAT-SRC-RSA-GEN,RSA,RSA,,,Encryption/Decryption,LOW,OBSERVED,Vulnerable,SHOR_BROKEN,True,False,87.8,Critical,True,ML-KEM-768 + AES-256 envelope encryption,C:\Users\ghi26\Downloads\SIH26164\test_corpus\python\crypto_sample.py,16
852f6e44-f30b-4b49-9e4a-7e25256949b9,ECDAT-SRC-ECDSA-GEN,ECDSA,ECDSA,,,Signature,MEDIUM,OBSERVED,Vulnerable,SHOR_BROKEN,False,True,87.8,Critical,True,ML-DSA-65,C:\Users\ghi26\Downloads\SIH26164\test_corpus\python\crypto_sample.py,21
32f749f6-7211-4f8c-8f6f-9cf990de36dc,ECDAT-SRC-PY-EC-001,ECDSA,ECDSA,256,,Signature,MEDIUM,OBSERVED,Vulnerable,SHOR_BROKEN,False,True,87.8,Critical,True,ML-DSA-65,C:\Users\ghi26\Downloads\SIH26164\test_corpus\python\crypto_sample.py,23
f4210e7b-f804-4a44-9354-625318ca4248,ECDAT-SRC-DES3-001,DES3,DES3,112,,Encryption/Decryption,HIGH,OBSERVED,Legacy-broken,CLASSICALLY_BROKEN,False,False,77.2,Critical,False,AES-256-GCM or ChaCha20-Poly1305,C:\Users\ghi26\Downloads\SIH26164\test_corpus\python\crypto_sample.py,50
d96ec6d7-0ffb-46c8-8c9b-24ea08a98641,ECDAT-DEP-JAVA-001,RSA,algorithm,,,Encryption/Decryption,MEDIUM,OBSERVED,Vulnerable,SHOR_BROKEN,True,False,66.8,High,True,ML-KEM-768 + AES-256 envelope encryption,C:\Users\ghi26\Downloads\SIH26164\test_corpus\dependencies\pom.xml,1
d23d165c-bc65-4487-bfb1-2703ab1cc0f7,ECDAT-DEP-JAVA-001,RSA,algorithm,,,Signature,MEDIUM,OBSERVED,Vulnerable,SHOR_BROKEN,False,True,66.8,High,True,ML-DSA-65,C:\Users\ghi26\Downloads\SIH26164\test_corpus\dependencies\pom.xml,1
e3407297-2bba-4a2d-8eec-36af0e28f2e0,ECDAT-DEP-PY-001,AES,algorithm,,,Encryption/Decryption,MEDIUM,OBSERVED,Weakened,GROVER_WEAKENED,False,False,63.3,High,True,AES-256-GCM,C:\Users\ghi26\Downloads\SIH26164\test_corpus\dependencies\requirements.txt,1
6992f460-b636-49b7-a203-2fea12b2b802,ECDAT-DEP-PY-001,RSA,algorithm,,,Encryption/Decryption,MEDIUM,OBSERVED,Vulnerable,SHOR_BROKEN,True,False,66.8,High,True,ML-KEM-768 + AES-256 envelope encryption,C:\Users\ghi26\Downloads\SIH26164\test_corpus\dependencies\requirements.txt,1
b6665b71-61f1-4c33-8511-cecf264e36e0,ECDAT-DEP-PY-001,ECDSA,algorithm,,,Signature,MEDIUM,OBSERVED,Vulnerable,SHOR_BROKEN,False,True,66.8,High,True,ML-DSA-65,C:\Users\ghi26\Downloads\SIH26164\test_corpus\dependencies\requirements.txt,1
bda3a8ee-9b74-46d1-af26-a87861ea3e8e,ECDAT-CERT-PEM-001,RSA,RSA,2048,,Signature,HIGH,OBSERVED,Vulnerable,SHOR_BROKEN,False,True,93.0,Critical,True,ML-DSA-65,C:\Users\ghi26\Downloads\SIH26164\test_corpus\certificates\test_cert.pem,1
daaec1cd-cb19-465a-aa17-0bf4a2d4fc9f,ECDAT-CFG-TLS-LEGACY,TLSV1.0 (legacy),TLSV1.0 (legacy),,,Key Exchange,HIGH,OBSERVED,Safe,QUANTUM_SAFE,False,False,43.0,Medium,False,Maintain current quantum-safe configuration.,C:\Users\ghi26\Downloads\SIH26164\test_corpus\configs\nginx.conf,6
b321f753-d86c-4f4f-8aac-a24ffa1e1912,ECDAT-CFG-CIPHER-DES,DES,DES,128,,Encryption/Decryption,HIGH,OBSERVED,Legacy-broken,CLASSICALLY_BROKEN,False,False,67.5,Critical,False,AES-256-GCM or ChaCha20-Poly1305,C:\Users\ghi26\Downloads\SIH26164\test_corpus\configs\nginx.conf,7
603e2739-f6d2-4706-be96-fc69f22ed3b9,ECDAT-CFG-CIPHER-RSA,RSA,RSA,2048,,Key Exchange,MEDIUM,OBSERVED,Vulnerable,SHOR_BROKEN,True,False,78.0,High,True,Hybrid X25519 + ML-KEM-768,C:\Users\ghi26\Downloads\SIH26164\test_corpus\configs\nginx.conf,7
5fe20f8d-7a17-40da-bb5b-94313aea3588,ECDAT-CFG-CIPHER-AES,AES,AES,,,Encryption/Decryption,LOW,OBSERVED,Weakened,GROVER_WEAKENED,False,False,68.2,High,True,AES-256-GCM,C:\Users\ghi26\Downloads\SIH26164\test_corpus\configs\nginx.conf,7
0af5164b-6406-46ee-87ac-9ea0ab64d827,ECDAT-CFG-CERT-001,X.509,X.509,,,Signature,MEDIUM,OBSERVED,Safe,QUANTUM_SAFE,False,False,43.0,Medium,False,Maintain current quantum-safe configuration.,C:\Users\ghi26\Downloads\SIH26164\test_corpus\configs\nginx.conf,10
92a9c8fe-7191-4b93-a369-879bdcf738f6,ECDAT-CFG-DH-001,DH,DH,2048,,Key Exchange,MEDIUM,OBSERVED,Vulnerable,SHOR_BROKEN,True,False,78.0,High,True,Maintain current quantum-safe configuration.,C:\Users\ghi26\Downloads\SIH26164\test_corpus\configs\nginx.conf,12
